{
  "feature_cols": [
    "domi_class",
    "paveclass",
    "speedlimit",
    "num_lanes",
    "roadwidth",
    "oneway",
    "highway_type_osm",
    "surface_osm",
    "mid_lat",
    "mid_lng",
    "elevation_m",
    "near_steep_slope",
    "near_landslide",
    "is_bridge",
    "bridge_age_years",
    "penndot_aadt",
    "penndot_pavement_idx",
    "is_snow_emergency_route"
  ],
  "hidden_size": 64,
  "num_layers": 2,
  "dropout": 0.3,
  "scaler_mean": [
    1.9091477174101719,
    0.6639472313834404,
    24.59416767922236,
    1.6014927963895158,
    22.814614746459263,
    0.9629925360180525,
    6.404339524388127,
    11.73952438812706,
    40.01456914927226,
    -79.12605112158907,
    287.9870855754209,
    0.06766186425967714,
    0.0005207429265752473,
    0.01128276340913036,
    0.0,
    1630.4006943239021,
    4.091268876931088,
    0.34049644159000175
  ],
  "scaler_scale": [
    1.2477125687743416,
    1.3795819234913462,
    4.286865980293942,
    0.7355041491401455,
    11.924221193658804,
    0.5105568413627315,
    2.355106191088924,
    7.611068807358988,
    4.14641304101621,
    8.199213979991415,
    52.78882256772341,
    0.2511647594400579,
    0.022813850034127715,
    0.10561942368231304,
    1.0,
    4190.579816846398,
    17.724839566381643,
    0.47387615982928305
  ],
  "label_encoders": {
    "domi_class": [
      "Alley",
      "Collector",
      "Local",
      "Minor Arterial",
      "Park Road",
      "Principal Arterial",
      "Private",
      "Unknown"
    ],
    "paveclass": [
      "Asphalt",
      "Blockstone",
      "Brick",
      "Concrete",
      "Unknown",
      "Unsurfaced"
    ],
    "oneway": [
      "FT",
      "N",
      "TF"
    ],
    "highway_type_osm": [
      "living_street",
      "motorway",
      "motorway_link",
      "primary",
      "primary_link",
      "residential",
      "secondary",
      "secondary_link",
      "service",
      "tertiary",
      "tertiary_link",
      "trunk",
      "trunk_link",
      "unclassified",
      "unknown"
    ],
    "surface_osm": [
      "asphalt",
      "brick",
      "brick_road",
      "bricks",
      "cobblestone",
      "cobblestone:flattened",
      "concrete",
      "concrete:plates",
      "dirt",
      "fine_gravel",
      "grass",
      "gravel",
      "ground",
      "paved",
      "paving_stones",
      "sett",
      "unhewn_cobblestone",
      "unknown",
      "unpaved",
      "wood"
    ]
  }
}